{
    "nodes": [
        [170.5,775.25],
        [680.25,776.5],
        [680.181818181818,393.636363636364],
        [168,393.125],
        [471.5,777],
        [280.666666666667,776.666666666667],
        [280.333333333333,687.333333333333],
        [472,864.333333333333],
        [680.666666666667,641],
        [735.666666666667,640.333333333333],
        [568.75,393.25],
        [568,463.666666666667],
        [400.333333333333,392.333333333333],
        [400,338.333333333333],
        [168,520.666666666667],
        [128.333333333333,522.333333333333],
        [233.25,778],
        [232.75,862],
        [992,699.333333333333],
        [836,699.75],
        [834,922.666666666667],
        [992,923.333333333333],
        [916.181818181818,923.636363636364],
        [921.5,698.75],
        [767.5,988],
        [968.25,986.75],
        [969.75,923],
        [831.333333333333,372],
        [991,373.333333333333],
        [831.666666666667,428.666666666667],
        [831.666666666667,481],
        [991.666666666667,431.666666666667],
        [991.666666666667,482],
        [971.25,483],
        [971,539.25],
        [871.090909090909,698.909090909091],
        [870.5,635],
        [971.666666666667,634.666666666667],
        [868,539.333333333333],
        [856,372.545454545455],
        [854.727272727273,314.727272727273],
        [854,267],
        [991.75,267.75],
        [991.75,315.25],
        [592.666666666667,203.333333333333],
        [777.333333333333,203.666666666667],
        [991.666666666667,203],
        [592,42.3333333333333],
        [777.666666666667,43.3333333333333],
        [688,42.3333333333333],
        [591.333333333333,59],
        [255.333333333333,193.333333333333],
        [511.333333333333,194],
        [256,34.6666666666667],
        [511.666666666667,39],
        [399.5,202.25],
        [400,32.3333333333333],
        [255.333333333333,169.666666666667],
        [152.333333333333,171],
        [151,59],
        [39.5,58.5],
        [39.2727272727273,275.090909090909],
        [167.333333333333,281],
        [280,507.333333333333],
        [424,506.666666666667],
        [424.333333333333,656.666666666667],
        [567.333333333333,655.666666666667],
        [767.333333333333,777.333333333333],
        [912,203.666666666667],
        [911.666666666667,138.666666666667]

    ],
    "edges": [
        [0,16],
        [16,17],
        [16,5],
        [5,6],
        [5,4],
        [4,7],
        [4,1],
        [1,8],
        [8,9],
        [8,2],
        [2,10],
        [10,11],
        [10,12],
        [12,13],
        [12,3],
        [3,14],
        [14,15],
        [14,0],
        [6,63],
        [63,64],
        [64,65],
        [65,66],
        [66,11],
        [1,67],
        [67,24],
        [24,25],
        [25,26],
        [26,21],
        [21,18],
        [18,23],
        [23,35],
        [35,19],
        [19,20],
        [20,22],
        [22,23],
        [22,26],
        [35,36],
        [36,37],
        [37,34],
        [34,38],
        [38,36],
        [36,9],
        [34,33],
        [33,32],
        [32,31],
        [31,28],
        [28,39],
        [39,27],
        [27,29],
        [29,31],
        [29,30],
        [30,33],
        [39,40],
        [40,43],
        [43,42],
        [42,41],
        [41,40],
        [42,46],
        [46,68],
        [68,69],
        [68,45],
        [45,48],
        [48,49],
        [49,47],
        [47,50],
        [50,44],
        [50,54],
        [44,45],
        [54,56],
        [56,53],
        [53,57],
        [57,51],
        [51,55],
        [55,13],
        [55,52],
        [52,54],
        [57,58],
        [58,59],
        [59,60],
        [60,61],
        [61,62],
        [62,3]
    ]
}